{
  "project_info": {
    "project_number": "420682673664",
    "project_id": "teachapp-ac4da",
    "storage_bucket": "teachapp-ac4da.appspot.com"
  },
  "client": [
    {
      "client_info": {
        "mobilesdk_app_id": "1:420682673664:android:db7093854c257fa37632e5",
        "android_client_info": {
          "package_name": "com.example.teachapp"
        }
      },
      "oauth_client": [
        {
          "client_id": "420682673664-srpteeugd7o14hb83gu15b55n6l5415n.apps.googleusercontent.com",
          "client_type": 1,
          "android_info": {
            "package_name": "com.example.teachapp",
            "certificate_hash": "911a1bc4949cedb3f2928d3e9173d3c07a88c0fc"
          }
        },
        {
          "client_id": "420682673664-aee908np11c3loaqmql9g44l5lg98jlb.apps.googleusercontent.com",
          "client_type": 3
        }
      ],
      "api_key": [
        {
          "current_key": "AIzaSyB0wOETBVN3DkHZQUWODfai7E0ZlC0b4Ag"
        }
      ],
      "services": {
        "appinvite_service": {
          "other_platform_oauth_client": [
            {
              "client_id": "420682673664-aee908np11c3loaqmql9g44l5lg98jlb.apps.googleusercontent.com",
              "client_type": 3
            }
          ]
        }
      }
    }
  ],
  "configuration_version": "1"
}